"Year","LAD11CD","City","Burglary","Vandalism","Drugs","Robbery","Fraud","Sexual","Theft","Violence","Other","Total","Top.Crime","BurglaryPct","VandalismPct","DrugsPct","RobberyPct","TheftPct","ViolencePct","OtherPct"
2008,"E09000001","City of London",0,0,0,0,0,0,0,0,0,0,"Burglary",0,0,0,0,0,0,0
2008,"E09000002","Barking and Dagenham",117,244,101,57,25,1,455,395,16,1411,"Theft and Handling",8.29,17.29,7.16,4.04,32.25,27.99,1.13
2008,"E09000003","Barnet",346,216,108,65,29,3,783,364,20,1934,"Theft and Handling",17.89,11.17,5.58,3.36,40.49,18.82,1.03
2008,"E09000004","Bexley",135,213,81,33,8,3,398,253,12,1136,"Theft and Handling",11.88,18.75,7.13,2.9,35.04,22.27,1.06
2008,"E09000005","Brent",262,212,247,112,6,3,543,411,25,1821,"Theft and Handling",14.39,11.64,13.56,6.15,29.82,22.57,1.37
2008,"E09000006","Bromley",233,376,68,55,16,1,790,380,17,1936,"Theft and Handling",12.04,19.42,3.51,2.84,40.81,19.63,0.88
2008,"E09000007","Camden",326,214,213,86,13,3,1186,378,35,2454,"Theft and Handling",13.28,8.72,8.68,3.5,48.33,15.4,1.43
2008,"E09000008","Croydon",262,327,205,130,14,3,774,529,30,2274,"Theft and Handling",11.52,14.38,9.01,5.72,34.04,23.26,1.32
2008,"E09000009","Ealing",299,279,179,95,6,1,770,523,39,2191,"Theft and Handling",13.65,12.73,8.17,4.34,35.14,23.87,1.78
2008,"E09000010","Enfield",274,253,167,97,7,1,554,293,30,1676,"Theft and Handling",16.35,15.1,9.96,5.79,33.05,17.48,1.79
2008,"E09000011","Greenwich",255,270,125,57,4,2,555,438,24,1730,"Theft and Handling",14.74,15.61,7.23,3.29,32.08,25.32,1.39
2008,"E09000012","Hackney",168,166,262,67,12,5,594,480,14,1768,"Theft and Handling",9.5,9.39,14.82,3.79,33.6,27.15,0.79
2008,"E09000013","Hammersmith and Fulham",203,164,179,53,10,2,735,322,10,1678,"Theft and Handling",12.1,9.77,10.67,3.16,43.8,19.19,0.6
2008,"E09000014","Haringey",284,265,143,96,43,5,795,368,17,2016,"Theft and Handling",14.09,13.14,7.09,4.76,39.43,18.25,0.84
2008,"E09000015","Harrow",155,121,78,44,6,0,344,249,16,1013,"Theft and Handling",15.3,11.94,7.7,4.34,33.96,24.58,1.58
2008,"E09000016","Havering",172,242,84,26,19,1,496,235,21,1296,"Theft and Handling",13.27,18.67,6.48,2.01,38.27,18.13,1.62
2008,"E09000017","Hillingdon",220,278,119,100,24,3,725,446,31,1946,"Theft and Handling",11.31,14.29,6.12,5.14,37.26,22.92,1.59
2008,"E09000018","Hounslow",161,212,148,43,11,4,598,397,31,1605,"Theft and Handling",10.03,13.21,9.22,2.68,37.26,24.74,1.93
2008,"E09000019","Islington",279,190,170,90,4,3,785,401,26,1948,"Theft and Handling",14.32,9.75,8.73,4.62,40.3,20.59,1.33
2008,"E09000020","Kensington and Chelsea",149,116,206,42,12,0,726,239,16,1506,"Theft and Handling",9.89,7.7,13.68,2.79,48.21,15.87,1.06
2008,"E09000021","Kingston upon Thames",76,130,44,24,1,1,394,171,7,848,"Theft and Handling",8.96,15.33,5.19,2.83,46.46,20.17,0.83
2008,"E09000022","Lambeth",250,277,332,162,9,10,860,552,35,2487,"Theft and Handling",10.05,11.14,13.35,6.51,34.58,22.2,1.41
2008,"E09000023","Lewisham",226,268,190,95,26,2,644,604,29,2084,"Theft and Handling",10.84,12.86,9.12,4.56,30.9,28.98,1.39
2008,"E09000024","Merton",135,153,55,47,14,2,305,276,22,1009,"Theft and Handling",13.38,15.16,5.45,4.66,30.23,27.35,2.18
2008,"E09000025","Newham",220,260,220,124,29,3,918,481,42,2297,"Theft and Handling",9.58,11.32,9.58,5.4,39.97,20.94,1.83
2008,"E09000026","Redbridge",246,181,184,83,31,1,641,277,12,1656,"Theft and Handling",14.86,10.93,11.11,5.01,38.71,16.73,0.72
2008,"E09000027","Richmond upon Thames",116,128,52,9,3,8,324,136,19,795,"Theft and Handling",14.59,16.1,6.54,1.13,40.75,17.11,2.39
2008,"E09000028","Southwark",283,283,296,152,12,3,1028,607,36,2700,"Theft and Handling",10.48,10.48,10.96,5.63,38.07,22.48,1.33
2008,"E09000029","Sutton",137,141,19,20,3,0,388,183,17,908,"Theft and Handling",15.09,15.53,2.09,2.2,42.73,20.15,1.87
2008,"E09000030","Tower Hamlets",184,222,195,68,8,3,739,488,34,1941,"Theft and Handling",9.48,11.44,10.05,3.5,38.07,25.14,1.75
2008,"E09000031","Waltham Forest",298,270,158,103,29,3,567,440,24,1892,"Theft and Handling",15.75,14.27,8.35,5.44,29.97,23.26,1.27
2008,"E09000032","Wandsworth",238,233,101,52,12,2,762,411,18,1829,"Theft and Handling",13.01,12.74,5.52,2.84,41.66,22.47,0.98
2008,"E09000033","Westminster",183,192,414,97,43,3,1597,489,22,3040,"Theft and Handling",6.02,6.32,13.62,3.19,52.53,16.09,0.72
2009,"E09000001","City of London",0,0,0,0,0,0,0,0,0,0,"Burglary",0,0,0,0,0,0,0
2009,"E09000002","Barking and Dagenham",189,207,69,62,0,0,387,389,36,1339,"Violence Against the Person",14.12,15.46,5.15,4.63,28.9,29.05,2.69
2009,"E09000003","Barnet",314,212,113,55,0,0,806,373,23,1896,"Theft and Handling",16.56,11.18,5.96,2.9,42.51,19.67,1.21
2009,"E09000004","Bexley",146,225,41,25,0,0,331,319,14,1101,"Theft and Handling",13.26,20.44,3.72,2.27,30.06,28.97,1.27
2009,"E09000005","Brent",276,195,162,119,0,0,615,475,18,1860,"Theft and Handling",14.84,10.48,8.71,6.4,33.06,25.54,0.97
2009,"E09000006","Bromley",269,253,89,58,0,0,577,430,18,1694,"Theft and Handling",15.88,14.94,5.25,3.42,34.06,25.38,1.06
2009,"E09000007","Camden",263,180,249,104,0,0,1116,440,36,2388,"Theft and Handling",11.01,7.54,10.43,4.36,46.73,18.43,1.51
2009,"E09000008","Croydon",299,262,214,118,0,0,880,486,24,2283,"Theft and Handling",13.1,11.48,9.37,5.17,38.55,21.29,1.05
2009,"E09000009","Ealing",300,265,211,121,0,0,838,569,30,2334,"Theft and Handling",12.85,11.35,9.04,5.18,35.9,24.38,1.29
2009,"E09000010","Enfield",331,263,144,93,0,0,550,325,27,1733,"Theft and Handling",19.1,15.18,8.31,5.37,31.74,18.75,1.56
2009,"E09000011","Greenwich",275,248,65,69,0,0,449,412,30,1548,"Theft and Handling",17.76,16.02,4.2,4.46,29.01,26.61,1.94
2009,"E09000012","Hackney",159,128,185,58,0,0,526,419,28,1503,"Theft and Handling",10.58,8.52,12.31,3.86,35,27.88,1.86
2009,"E09000013","Hammersmith and Fulham",121,164,159,52,0,0,784,305,25,1610,"Theft and Handling",7.52,10.19,9.88,3.23,48.7,18.94,1.55
2009,"E09000014","Haringey",289,204,177,97,0,0,719,359,27,1872,"Theft and Handling",15.44,10.9,9.46,5.18,38.41,19.18,1.44
2009,"E09000015","Harrow",166,143,72,26,0,0,350,298,17,1072,"Theft and Handling",15.49,13.34,6.72,2.43,32.65,27.8,1.59
2009,"E09000016","Havering",222,172,71,26,0,0,452,236,12,1191,"Theft and Handling",18.64,14.44,5.96,2.18,37.95,19.82,1.01
2009,"E09000017","Hillingdon",251,283,87,58,0,0,644,435,72,1830,"Theft and Handling",13.72,15.46,4.75,3.17,35.19,23.77,3.93
2009,"E09000018","Hounslow",187,231,116,73,0,0,487,430,16,1540,"Theft and Handling",12.14,15,7.53,4.74,31.62,27.92,1.04
2009,"E09000019","Islington",224,146,168,67,0,0,1027,439,27,2098,"Theft and Handling",10.68,6.96,8.01,3.19,48.95,20.92,1.29
2009,"E09000020","Kensington and Chelsea",120,100,154,45,0,0,893,203,24,1539,"Theft and Handling",7.8,6.5,10.01,2.92,58.02,13.19,1.56
2009,"E09000021","Kingston upon Thames",88,111,40,28,0,0,451,145,5,868,"Theft and Handling",10.14,12.79,4.61,3.23,51.96,16.71,0.58
2009,"E09000022","Lambeth",325,238,189,159,0,0,783,554,35,2283,"Theft and Handling",14.24,10.42,8.28,6.96,34.3,24.27,1.53
2009,"E09000023","Lewisham",209,283,265,70,0,0,584,565,32,2008,"Theft and Handling",10.41,14.09,13.2,3.49,29.08,28.14,1.59
2009,"E09000024","Merton",132,153,86,31,0,0,332,270,19,1023,"Theft and Handling",12.9,14.96,8.41,3.03,32.45,26.39,1.86
2009,"E09000025","Newham",226,284,181,149,0,0,726,583,34,2183,"Theft and Handling",10.35,13.01,8.29,6.83,33.26,26.71,1.56
2009,"E09000026","Redbridge",240,168,171,67,0,0,611,323,27,1607,"Theft and Handling",14.93,10.45,10.64,4.17,38.02,20.1,1.68
2009,"E09000027","Richmond upon Thames",122,112,55,8,0,0,300,146,3,746,"Theft and Handling",16.35,15.01,7.37,1.07,40.21,19.57,0.4
2009,"E09000028","Southwark",219,261,257,118,0,0,756,648,61,2320,"Theft and Handling",9.44,11.25,11.08,5.09,32.59,27.93,2.63
2009,"E09000029","Sutton",123,133,35,25,0,0,442,200,15,973,"Theft and Handling",12.64,13.67,3.6,2.57,45.43,20.55,1.54
2009,"E09000030","Tower Hamlets",120,192,172,53,0,0,614,386,30,1567,"Theft and Handling",7.66,12.25,10.98,3.38,39.18,24.63,1.91
2009,"E09000031","Waltham Forest",294,246,174,125,0,0,648,469,24,1980,"Theft and Handling",14.85,12.42,8.79,6.31,32.73,23.69,1.21
2009,"E09000032","Wandsworth",213,189,100,114,0,0,702,395,13,1726,"Theft and Handling",12.34,10.95,5.79,6.6,40.67,22.89,0.75
2009,"E09000033","Westminster",217,190,197,73,0,0,1969,466,60,3172,"Theft and Handling",6.84,5.99,6.21,2.3,62.07,14.69,1.89
2010,"E09000001","City of London",0,0,0,0,0,0,0,0,0,0,"Burglary",0,0,0,0,0,0,0
2010,"E09000002","Barking and Dagenham",145,175,113,62,0,0,415,360,25,1295,"Theft and Handling",11.2,13.51,8.73,4.79,32.05,27.8,1.93
2010,"E09000003","Barnet",341,241,89,62,0,0,756,312,32,1833,"Theft and Handling",18.6,13.15,4.86,3.38,41.24,17.02,1.75
2010,"E09000004","Bexley",163,158,70,22,0,0,348,262,19,1042,"Theft and Handling",15.64,15.16,6.72,2.11,33.4,25.14,1.82
2010,"E09000005","Brent",211,184,189,173,0,0,537,493,35,1822,"Theft and Handling",11.58,10.1,10.37,9.5,29.47,27.06,1.92
2010,"E09000006","Bromley",240,226,69,76,0,0,598,361,24,1594,"Theft and Handling",15.06,14.18,4.33,4.77,37.52,22.65,1.51
2010,"E09000007","Camden",254,174,131,77,0,0,1234,465,41,2376,"Theft and Handling",10.69,7.32,5.51,3.24,51.94,19.57,1.73
2010,"E09000008","Croydon",333,322,209,119,0,0,868,445,36,2332,"Theft and Handling",14.28,13.81,8.96,5.1,37.22,19.08,1.54
2010,"E09000009","Ealing",302,288,138,114,0,0,953,542,53,2390,"Theft and Handling",12.64,12.05,5.77,4.77,39.87,22.68,2.22
2010,"E09000010","Enfield",263,218,137,96,0,0,572,340,28,1654,"Theft and Handling",15.9,13.18,8.28,5.8,34.58,20.56,1.69
2010,"E09000011","Greenwich",195,206,86,48,0,0,611,345,32,1523,"Theft and Handling",12.8,13.53,5.65,3.15,40.12,22.65,2.1
2010,"E09000012","Hackney",143,147,165,104,0,0,625,375,25,1584,"Theft and Handling",9.03,9.28,10.42,6.57,39.46,23.67,1.58
2010,"E09000013","Hammersmith and Fulham",153,139,135,52,0,0,800,312,32,1623,"Theft and Handling",9.43,8.56,8.32,3.2,49.29,19.22,1.97
2010,"E09000014","Haringey",301,193,99,76,0,0,711,397,31,1808,"Theft and Handling",16.65,10.67,5.48,4.2,39.33,21.96,1.71
2010,"E09000015","Harrow",167,128,80,42,0,0,452,214,13,1096,"Theft and Handling",15.24,11.68,7.3,3.83,41.24,19.53,1.19
2010,"E09000016","Havering",162,137,115,26,0,0,499,290,14,1243,"Theft and Handling",13.03,11.02,9.25,2.09,40.14,23.33,1.13
2010,"E09000017","Hillingdon",242,215,87,59,0,0,508,491,61,1663,"Theft and Handling",14.55,12.93,5.23,3.55,30.55,29.52,3.67
2010,"E09000018","Hounslow",205,229,137,38,0,0,516,433,24,1582,"Theft and Handling",12.96,14.48,8.66,2.4,32.62,27.37,1.52
2010,"E09000019","Islington",238,164,144,69,0,0,950,393,28,1986,"Theft and Handling",11.98,8.26,7.25,3.47,47.83,19.79,1.41
2010,"E09000020","Kensington and Chelsea",96,77,171,37,0,0,806,219,22,1428,"Theft and Handling",6.72,5.39,11.97,2.59,56.44,15.34,1.54
2010,"E09000021","Kingston upon Thames",109,74,67,16,0,0,382,169,12,829,"Theft and Handling",13.15,8.93,8.08,1.93,46.08,20.39,1.45
2010,"E09000022","Lambeth",275,277,242,193,0,0,849,634,37,2507,"Theft and Handling",10.97,11.05,9.65,7.7,33.87,25.29,1.48
2010,"E09000023","Lewisham",266,229,177,127,0,0,588,520,36,1943,"Theft and Handling",13.69,11.79,9.11,6.54,30.26,26.76,1.85
2010,"E09000024","Merton",156,139,54,48,0,0,354,201,18,970,"Theft and Handling",16.08,14.33,5.57,4.95,36.49,20.72,1.86
2010,"E09000025","Newham",237,239,186,194,0,0,1034,552,42,2484,"Theft and Handling",9.54,9.62,7.49,7.81,41.63,22.22,1.69
2010,"E09000026","Redbridge",282,167,130,65,0,0,627,324,15,1610,"Theft and Handling",17.52,10.37,8.07,4.04,38.94,20.12,0.93
2010,"E09000027","Richmond upon Thames",160,111,59,16,0,0,306,138,7,797,"Theft and Handling",20.08,13.93,7.4,2.01,38.39,17.31,0.88
2010,"E09000028","Southwark",208,191,341,144,0,0,879,606,45,2414,"Theft and Handling",8.62,7.91,14.13,5.97,36.41,25.1,1.86
2010,"E09000029","Sutton",123,135,51,18,0,0,417,198,8,950,"Theft and Handling",12.95,14.21,5.37,1.89,43.89,20.84,0.84
2010,"E09000030","Tower Hamlets",152,183,216,75,0,0,819,451,29,1925,"Theft and Handling",7.9,9.51,11.22,3.9,42.55,23.43,1.51
2010,"E09000031","Waltham Forest",265,207,130,128,0,0,741,377,27,1875,"Theft and Handling",14.13,11.04,6.93,6.83,39.52,20.11,1.44
2010,"E09000032","Wandsworth",206,183,96,81,0,0,744,383,30,1723,"Theft and Handling",11.96,10.62,5.57,4.7,43.18,22.23,1.74
2010,"E09000033","Westminster",201,188,309,66,0,0,1469,438,35,2706,"Theft and Handling",7.43,6.95,11.42,2.44,54.29,16.19,1.29
2011,"E09000001","City of London",0,0,0,0,0,0,1,0,0,1,"Theft and Handling",0,0,0,0,100,0,0
2011,"E09000002","Barking and Dagenham",194,174,73,80,0,0,521,306,20,1368,"Theft and Handling",14.18,12.72,5.34,5.85,38.08,22.37,1.46
2011,"E09000003","Barnet",406,158,79,90,0,0,778,305,20,1836,"Theft and Handling",22.11,8.61,4.3,4.9,42.37,16.61,1.09
2011,"E09000004","Bexley",109,150,61,22,0,0,323,237,13,915,"Theft and Handling",11.91,16.39,6.67,2.4,35.3,25.9,1.42
2011,"E09000005","Brent",278,162,305,156,0,0,755,564,36,2256,"Theft and Handling",12.32,7.18,13.52,6.91,33.47,25,1.6
2011,"E09000006","Bromley",261,185,94,47,0,0,546,341,17,1491,"Theft and Handling",17.51,12.41,6.3,3.15,36.62,22.87,1.14
2011,"E09000007","Camden",231,152,155,122,0,0,1431,410,19,2520,"Theft and Handling",9.17,6.03,6.15,4.84,56.79,16.27,0.75
2011,"E09000008","Croydon",352,288,215,114,0,0,784,495,31,2279,"Theft and Handling",15.45,12.64,9.43,5,34.4,21.72,1.36
2011,"E09000009","Ealing",291,244,192,117,0,0,867,533,33,2277,"Theft and Handling",12.78,10.72,8.43,5.14,38.08,23.41,1.45
2011,"E09000010","Enfield",264,208,127,100,0,0,610,310,19,1638,"Theft and Handling",16.12,12.7,7.75,6.11,37.24,18.93,1.16
2011,"E09000011","Greenwich",163,222,121,54,0,0,535,347,26,1468,"Theft and Handling",11.1,15.12,8.24,3.68,36.44,23.64,1.77
2011,"E09000012","Hackney",167,131,147,51,0,0,710,345,24,1575,"Theft and Handling",10.6,8.32,9.33,3.24,45.08,21.9,1.52
2011,"E09000013","Hammersmith and Fulham",200,167,132,60,0,0,780,336,41,1716,"Theft and Handling",11.66,9.73,7.69,3.5,45.45,19.58,2.39
2011,"E09000014","Haringey",279,197,93,96,0,0,665,348,18,1696,"Theft and Handling",16.45,11.62,5.48,5.66,39.21,20.52,1.06
2011,"E09000015","Harrow",205,140,46,55,0,0,364,207,15,1032,"Theft and Handling",19.86,13.57,4.46,5.33,35.27,20.06,1.45
2011,"E09000016","Havering",262,133,74,48,0,0,522,212,25,1276,"Theft and Handling",20.53,10.42,5.8,3.76,40.91,16.61,1.96
2011,"E09000017","Hillingdon",284,204,111,82,0,0,784,423,65,1953,"Theft and Handling",14.54,10.45,5.68,4.2,40.14,21.66,3.33
2011,"E09000018","Hounslow",247,173,132,66,0,0,591,395,39,1643,"Theft and Handling",15.03,10.53,8.03,4.02,35.97,24.04,2.37
2011,"E09000019","Islington",236,186,131,104,0,0,891,389,28,1965,"Theft and Handling",12.01,9.47,6.67,5.29,45.34,19.8,1.42
2011,"E09000020","Kensington and Chelsea",130,74,138,40,0,0,754,186,14,1336,"Theft and Handling",9.73,5.54,10.33,2.99,56.44,13.92,1.05
2011,"E09000021","Kingston upon Thames",100,95,72,13,0,0,272,164,12,728,"Theft and Handling",13.74,13.05,9.89,1.79,37.36,22.53,1.65
2011,"E09000022","Lambeth",290,238,268,210,0,0,956,553,22,2537,"Theft and Handling",11.43,9.38,10.56,8.28,37.68,21.8,0.87
2011,"E09000023","Lewisham",261,204,149,130,0,0,650,427,36,1857,"Theft and Handling",14.05,10.99,8.02,7,35,22.99,1.94
2011,"E09000024","Merton",181,125,81,60,0,0,382,214,8,1051,"Theft and Handling",17.22,11.89,7.71,5.71,36.35,20.36,0.76
2011,"E09000025","Newham",221,201,153,187,0,0,940,430,31,2163,"Theft and Handling",10.22,9.29,7.07,8.65,43.46,19.88,1.43
2011,"E09000026","Redbridge",341,164,171,88,0,0,656,292,17,1729,"Theft and Handling",19.72,9.49,9.89,5.09,37.94,16.89,0.98
2011,"E09000027","Richmond upon Thames",158,103,22,11,0,0,300,158,9,761,"Theft and Handling",20.76,13.53,2.89,1.45,39.42,20.76,1.18
2011,"E09000028","Southwark",236,248,250,200,0,0,995,451,51,2431,"Theft and Handling",9.71,10.2,10.28,8.23,40.93,18.55,2.1
2011,"E09000029","Sutton",125,115,39,36,0,0,363,189,11,878,"Theft and Handling",14.24,13.1,4.44,4.1,41.34,21.53,1.25
2011,"E09000030","Tower Hamlets",178,171,235,102,0,0,831,407,35,1959,"Theft and Handling",9.09,8.73,12,5.21,42.42,20.78,1.79
2011,"E09000031","Waltham Forest",267,159,113,123,0,0,743,389,26,1820,"Theft and Handling",14.67,8.74,6.21,6.76,40.82,21.37,1.43
2011,"E09000032","Wandsworth",270,167,59,101,0,0,766,323,22,1708,"Theft and Handling",15.81,9.78,3.45,5.91,44.85,18.91,1.29
2011,"E09000033","Westminster",205,151,477,85,0,0,2500,453,37,3908,"Theft and Handling",5.25,3.86,12.21,2.18,63.97,11.59,0.95
2012,"E09000001","City of London",0,0,1,2,0,0,16,1,0,20,"Theft and Handling",0,0,5,10,80,5,0
2012,"E09000002","Barking and Dagenham",204,135,76,76,0,0,538,310,18,1357,"Theft and Handling",15.03,9.95,5.6,5.6,39.65,22.84,1.33
2012,"E09000003","Barnet",360,119,65,82,0,0,799,304,19,1748,"Theft and Handling",20.59,6.81,3.72,4.69,45.71,17.39,1.09
2012,"E09000004","Bexley",120,105,54,12,0,0,323,202,16,832,"Theft and Handling",14.42,12.62,6.49,1.44,38.82,24.28,1.92
2012,"E09000005","Brent",298,149,267,141,0,0,658,559,32,2104,"Theft and Handling",14.16,7.08,12.69,6.7,31.27,26.57,1.52
2012,"E09000006","Bromley",274,186,61,52,0,0,721,373,22,1689,"Theft and Handling",16.22,11.01,3.61,3.08,42.69,22.08,1.3
2012,"E09000007","Camden",192,131,176,126,0,0,1479,300,31,2435,"Theft and Handling",7.89,5.38,7.23,5.17,60.74,12.32,1.27
2012,"E09000008","Croydon",303,225,213,110,0,0,783,544,27,2205,"Theft and Handling",13.74,10.2,9.66,4.99,35.51,24.67,1.22
2012,"E09000009","Ealing",326,183,181,97,0,0,772,590,44,2193,"Theft and Handling",14.87,8.34,8.25,4.42,35.2,26.9,2.01
2012,"E09000010","Enfield",300,139,85,109,0,0,554,368,27,1582,"Theft and Handling",18.96,8.79,5.37,6.89,35.02,23.26,1.71
2012,"E09000011","Greenwich",158,169,106,51,0,0,597,402,35,1518,"Theft and Handling",10.41,11.13,6.98,3.36,39.33,26.48,2.31
2012,"E09000012","Hackney",199,149,97,74,0,0,1214,468,32,2233,"Theft and Handling",8.91,6.67,4.34,3.31,54.37,20.96,1.43
2012,"E09000013","Hammersmith and Fulham",159,118,99,48,0,0,885,362,27,1698,"Theft and Handling",9.36,6.95,5.83,2.83,52.12,21.32,1.59
2012,"E09000014","Haringey",281,181,125,82,0,0,756,408,18,1851,"Theft and Handling",15.18,9.78,6.75,4.43,40.84,22.04,0.97
2012,"E09000015","Harrow",196,102,49,55,0,0,362,249,17,1030,"Theft and Handling",19.03,9.9,4.76,5.34,35.15,24.17,1.65
2012,"E09000016","Havering",184,93,71,36,0,0,506,241,20,1151,"Theft and Handling",15.99,8.08,6.17,3.13,43.96,20.94,1.74
2012,"E09000017","Hillingdon",270,162,82,59,0,0,715,384,24,1696,"Theft and Handling",15.92,9.55,4.83,3.48,42.16,22.64,1.42
2012,"E09000018","Hounslow",238,164,102,57,0,0,700,410,35,1706,"Theft and Handling",13.95,9.61,5.98,3.34,41.03,24.03,2.05
2012,"E09000019","Islington",153,120,96,93,0,0,982,387,35,1866,"Theft and Handling",8.2,6.43,5.14,4.98,52.63,20.74,1.88
2012,"E09000020","Kensington and Chelsea",137,84,120,39,0,0,988,193,19,1580,"Theft and Handling",8.67,5.32,7.59,2.47,62.53,12.22,1.2
2012,"E09000021","Kingston upon Thames",91,108,29,15,0,0,199,206,8,656,"Violence Against the Person",13.87,16.46,4.42,2.29,30.34,31.4,1.22
2012,"E09000022","Lambeth",244,222,164,214,0,0,1086,481,36,2447,"Theft and Handling",9.97,9.07,6.7,8.75,44.38,19.66,1.47
2012,"E09000023","Lewisham",240,172,83,97,0,0,612,438,19,1661,"Theft and Handling",14.45,10.36,5,5.84,36.85,26.37,1.14
2012,"E09000024","Merton",111,105,64,50,0,0,456,183,10,979,"Theft and Handling",11.34,10.73,6.54,5.11,46.58,18.69,1.02
2012,"E09000025","Newham",252,183,136,182,0,0,1032,519,30,2334,"Theft and Handling",10.8,7.84,5.83,7.8,44.22,22.24,1.29
2012,"E09000026","Redbridge",225,137,124,92,0,0,773,312,21,1684,"Theft and Handling",13.36,8.14,7.36,5.46,45.9,18.53,1.25
2012,"E09000027","Richmond upon Thames",124,98,41,27,0,0,451,173,11,925,"Theft and Handling",13.41,10.59,4.43,2.92,48.76,18.7,1.19
2012,"E09000028","Southwark",242,181,161,192,0,0,1035,514,48,2373,"Theft and Handling",10.2,7.63,6.78,8.09,43.62,21.66,2.02
2012,"E09000029","Sutton",126,104,48,19,0,0,346,212,10,865,"Theft and Handling",14.57,12.02,5.55,2.2,40,24.51,1.16
2012,"E09000030","Tower Hamlets",211,156,212,115,0,0,889,452,28,2063,"Theft and Handling",10.23,7.56,10.28,5.57,43.09,21.91,1.36
2012,"E09000031","Waltham Forest",287,166,120,143,0,0,661,449,22,1848,"Theft and Handling",15.53,8.98,6.49,7.74,35.77,24.3,1.19
2012,"E09000032","Wandsworth",239,137,117,79,0,0,949,357,18,1896,"Theft and Handling",12.61,7.23,6.17,4.17,50.05,18.83,0.95
2012,"E09000033","Westminster",403,163,418,157,0,0,3844,602,26,5613,"Theft and Handling",7.18,2.9,7.45,2.8,68.48,10.73,0.46
2013,"E09000001","City of London",2,0,0,1,0,0,5,2,0,10,"Theft and Handling",20,0,0,10,50,20,0
2013,"E09000002","Barking and Dagenham",167,140,63,61,0,0,466,278,21,1196,"Theft and Handling",13.96,11.71,5.27,5.1,38.96,23.24,1.76
2013,"E09000003","Barnet",290,137,83,70,0,0,772,295,23,1670,"Theft and Handling",17.37,8.2,4.97,4.19,46.23,17.66,1.38
2013,"E09000004","Bexley",165,107,45,16,0,0,343,164,21,861,"Theft and Handling",19.16,12.43,5.23,1.86,39.84,19.05,2.44
2013,"E09000005","Brent",208,139,295,84,0,0,605,419,30,1780,"Theft and Handling",11.69,7.81,16.57,4.72,33.99,23.54,1.69
2013,"E09000006","Bromley",296,146,88,35,0,0,594,326,11,1496,"Theft and Handling",19.79,9.76,5.88,2.34,39.71,21.79,0.74
2013,"E09000007","Camden",233,130,154,87,0,0,1157,352,33,2146,"Theft and Handling",10.86,6.06,7.18,4.05,53.91,16.4,1.54
2013,"E09000008","Croydon",296,248,151,121,0,0,836,444,27,2123,"Theft and Handling",13.94,11.68,7.11,5.7,39.38,20.91,1.27
2013,"E09000009","Ealing",288,171,165,55,0,0,881,533,35,2128,"Theft and Handling",13.53,8.04,7.75,2.58,41.4,25.05,1.64
2013,"E09000010","Enfield",264,166,123,61,0,0,633,373,24,1644,"Theft and Handling",16.06,10.1,7.48,3.71,38.5,22.69,1.46
2013,"E09000011","Greenwich",188,135,94,44,0,0,628,388,31,1508,"Theft and Handling",12.47,8.95,6.23,2.92,41.64,25.73,2.06
2013,"E09000012","Hackney",235,130,125,98,0,0,882,453,31,1954,"Theft and Handling",12.03,6.65,6.4,5.02,45.14,23.18,1.59
2013,"E09000013","Hammersmith and Fulham",103,78,136,33,0,0,622,316,35,1323,"Theft and Handling",7.79,5.9,10.28,2.49,47.01,23.89,2.65
2013,"E09000014","Haringey",215,148,80,74,0,0,672,394,25,1608,"Theft and Handling",13.37,9.2,4.98,4.6,41.79,24.5,1.55
2013,"E09000015","Harrow",212,91,63,41,0,0,303,254,16,980,"Theft and Handling",21.63,9.29,6.43,4.18,30.92,25.92,1.63
2013,"E09000016","Havering",194,108,81,30,0,0,475,239,28,1155,"Theft and Handling",16.8,9.35,7.01,2.6,41.13,20.69,2.42
2013,"E09000017","Hillingdon",247,157,93,48,0,0,605,401,38,1589,"Theft and Handling",15.54,9.88,5.85,3.02,38.07,25.24,2.39
2013,"E09000018","Hounslow",224,144,131,40,0,0,600,424,51,1614,"Theft and Handling",13.88,8.92,8.12,2.48,37.17,26.27,3.16
2013,"E09000019","Islington",212,125,108,76,0,0,893,390,20,1824,"Theft and Handling",11.62,6.85,5.92,4.17,48.96,21.38,1.1
2013,"E09000020","Kensington and Chelsea",163,60,82,29,0,0,677,173,22,1206,"Theft and Handling",13.52,4.98,6.8,2.4,56.14,14.34,1.82
2013,"E09000021","Kingston upon Thames",79,89,48,11,0,0,276,170,9,682,"Theft and Handling",11.58,13.05,7.04,1.61,40.47,24.93,1.32
2013,"E09000022","Lambeth",264,209,162,206,0,0,999,560,29,2429,"Theft and Handling",10.87,8.6,6.67,8.48,41.13,23.05,1.19
2013,"E09000023","Lewisham",267,166,104,124,0,0,554,491,28,1734,"Theft and Handling",15.4,9.57,6,7.15,31.95,28.32,1.61
2013,"E09000024","Merton",130,72,49,23,0,0,386,205,7,872,"Theft and Handling",14.91,8.26,5.62,2.64,44.27,23.51,0.8
2013,"E09000025","Newham",228,139,123,160,0,0,1090,493,29,2262,"Theft and Handling",10.08,6.15,5.44,7.07,48.19,21.79,1.28
2013,"E09000026","Redbridge",226,130,152,57,0,0,580,317,24,1486,"Theft and Handling",15.21,8.75,10.23,3.84,39.03,21.33,1.62
2013,"E09000027","Richmond upon Thames",168,101,44,30,0,0,361,145,10,859,"Theft and Handling",19.56,11.76,5.12,3.49,42.03,16.88,1.16
2013,"E09000028","Southwark",272,169,244,186,0,0,1176,484,40,2571,"Theft and Handling",10.58,6.57,9.49,7.23,45.74,18.83,1.56
2013,"E09000029","Sutton",111,88,36,17,0,0,478,225,11,966,"Theft and Handling",11.49,9.11,3.73,1.76,49.48,23.29,1.14
2013,"E09000030","Tower Hamlets",242,162,187,95,0,0,777,491,39,1993,"Theft and Handling",12.14,8.13,9.38,4.77,38.99,24.64,1.96
2013,"E09000031","Waltham Forest",242,136,131,89,0,0,823,420,29,1870,"Theft and Handling",12.94,7.27,7.01,4.76,44.01,22.46,1.55
2013,"E09000032","Wandsworth",244,142,101,79,0,0,967,321,19,1873,"Theft and Handling",13.03,7.58,5.39,4.22,51.63,17.14,1.01
2013,"E09000033","Westminster",237,168,353,171,0,0,2754,595,44,4322,"Theft and Handling",5.48,3.89,8.17,3.96,63.72,13.77,1.02
2014,"E09000001","City of London",0,1,1,0,0,0,7,2,0,11,"Theft and Handling",0,9.09,9.09,0,63.64,18.18,0
2014,"E09000002","Barking and Dagenham",146,129,71,28,0,0,395,393,21,1183,"Theft and Handling",12.34,10.9,6,2.37,33.39,33.22,1.78
2014,"E09000003","Barnet",263,152,80,44,0,0,724,498,26,1787,"Theft and Handling",14.72,8.51,4.48,2.46,40.51,27.87,1.45
2014,"E09000004","Bexley",126,112,71,15,0,0,318,218,33,893,"Theft and Handling",14.11,12.54,7.95,1.68,35.61,24.41,3.7
2014,"E09000005","Brent",200,187,222,68,0,0,602,607,53,1939,"Violence Against the Person",10.31,9.64,11.45,3.51,31.05,31.3,2.73
2014,"E09000006","Bromley",193,182,69,45,0,0,547,366,32,1434,"Theft and Handling",13.46,12.69,4.81,3.14,38.15,25.52,2.23
2014,"E09000007","Camden",247,108,170,66,0,0,1108,432,51,2182,"Theft and Handling",11.32,4.95,7.79,3.02,50.78,19.8,2.34
2014,"E09000008","Croydon",251,200,147,81,0,0,778,664,40,2161,"Theft and Handling",11.61,9.25,6.8,3.75,36,30.73,1.85
2014,"E09000009","Ealing",217,156,154,62,0,0,709,569,41,1908,"Theft and Handling",11.37,8.18,8.07,3.25,37.16,29.82,2.15
2014,"E09000010","Enfield",255,156,99,64,0,0,646,436,27,1683,"Theft and Handling",15.15,9.27,5.88,3.8,38.38,25.91,1.6
2014,"E09000011","Greenwich",181,119,127,34,0,0,474,540,27,1502,"Violence Against the Person",12.05,7.92,8.46,2.26,31.56,35.95,1.8
2014,"E09000012","Hackney",229,141,104,75,0,0,723,565,29,1866,"Theft and Handling",12.27,7.56,5.57,4.02,38.75,30.28,1.55
2014,"E09000013","Hammersmith and Fulham",126,129,98,35,0,0,611,399,27,1425,"Theft and Handling",8.84,9.05,6.88,2.46,42.88,28,1.89
2014,"E09000014","Haringey",243,176,107,87,0,0,658,404,30,1705,"Theft and Handling",14.25,10.32,6.28,5.1,38.59,23.7,1.76
2014,"E09000015","Harrow",157,101,76,28,0,0,257,298,19,936,"Violence Against the Person",16.77,10.79,8.12,2.99,27.46,31.84,2.03
2014,"E09000016","Havering",161,99,64,24,0,0,438,270,30,1086,"Theft and Handling",14.83,9.12,5.89,2.21,40.33,24.86,2.76
2014,"E09000017","Hillingdon",244,186,75,34,0,0,621,565,85,1810,"Theft and Handling",13.48,10.28,4.14,1.88,34.31,31.22,4.7
2014,"E09000018","Hounslow",147,157,131,27,0,0,541,441,47,1491,"Theft and Handling",9.86,10.53,8.79,1.81,36.28,29.58,3.15
2014,"E09000019","Islington",182,142,83,58,0,0,911,539,32,1947,"Theft and Handling",9.35,7.29,4.26,2.98,46.79,27.68,1.64
2014,"E09000020","Kensington and Chelsea",128,86,41,40,0,0,694,295,21,1305,"Theft and Handling",9.81,6.59,3.14,3.07,53.18,22.61,1.61
2014,"E09000021","Kingston upon Thames",54,51,58,15,0,0,266,174,5,623,"Theft and Handling",8.67,8.19,9.31,2.41,42.7,27.93,0.8
2014,"E09000022","Lambeth",255,194,247,128,0,0,928,721,38,2511,"Theft and Handling",10.16,7.73,9.84,5.1,36.96,28.71,1.51
2014,"E09000023","Lewisham",189,164,87,65,0,0,568,514,31,1618,"Theft and Handling",11.68,10.14,5.38,4.02,35.11,31.77,1.92
2014,"E09000024","Merton",122,88,41,21,0,0,319,222,18,831,"Theft and Handling",14.68,10.59,4.93,2.53,38.39,26.71,2.17
2014,"E09000025","Newham",187,145,143,131,0,0,782,616,55,2059,"Theft and Handling",9.08,7.04,6.95,6.36,37.98,29.92,2.67
2014,"E09000026","Redbridge",184,123,113,56,0,0,537,416,32,1461,"Theft and Handling",12.59,8.42,7.73,3.83,36.76,28.47,2.19
2014,"E09000027","Richmond upon Thames",126,87,26,4,0,0,281,198,15,737,"Theft and Handling",17.1,11.8,3.53,0.54,38.13,26.87,2.04
2014,"E09000028","Southwark",183,186,181,98,0,0,798,543,51,2040,"Theft and Handling",8.97,9.12,8.87,4.8,39.12,26.62,2.5
2014,"E09000029","Sutton",96,91,30,24,0,0,273,253,3,770,"Theft and Handling",12.47,11.82,3.9,3.12,35.45,32.86,0.39
2014,"E09000030","Tower Hamlets",185,149,163,102,0,0,663,622,44,1928,"Theft and Handling",9.6,7.73,8.45,5.29,34.39,32.26,2.28
2014,"E09000031","Waltham Forest",192,137,95,56,0,0,472,544,30,1526,"Violence Against the Person",12.58,8.98,6.23,3.67,30.93,35.65,1.97
2014,"E09000032","Wandsworth",236,142,48,36,0,0,724,394,27,1607,"Theft and Handling",14.69,8.84,2.99,2.24,45.05,24.52,1.68
2014,"E09000033","Westminster",301,150,203,145,0,0,2194,642,44,3679,"Theft and Handling",8.18,4.08,5.52,3.94,59.64,17.45,1.2
2015,"E09000001","City of London",0,0,1,2,0,0,6,4,0,13,"Theft and Handling",0,0,7.69,15.38,46.15,30.77,0
2015,"E09000002","Barking and Dagenham",126,151,59,58,0,0,483,501,31,1409,"Violence Against the Person",8.94,10.72,4.19,4.12,34.28,35.56,2.2
2015,"E09000003","Barnet",288,170,45,37,0,0,694,505,25,1764,"Theft and Handling",16.33,9.64,2.55,2.1,39.34,28.63,1.42
2015,"E09000004","Bexley",79,86,55,17,0,0,350,367,18,972,"Violence Against the Person",8.13,8.85,5.66,1.75,36.01,37.76,1.85
2015,"E09000005","Brent",187,178,115,77,0,0,610,666,28,1861,"Violence Against the Person",10.05,9.56,6.18,4.14,32.78,35.79,1.5
2015,"E09000006","Bromley",195,168,63,22,0,0,571,506,22,1547,"Theft and Handling",12.61,10.86,4.07,1.42,36.91,32.71,1.42
2015,"E09000007","Camden",257,151,94,96,0,0,940,509,41,2088,"Theft and Handling",12.31,7.23,4.5,4.6,45.02,24.38,1.96
2015,"E09000008","Croydon",218,251,110,53,0,0,747,855,43,2277,"Violence Against the Person",9.57,11.02,4.83,2.33,32.81,37.55,1.89
2015,"E09000009","Ealing",178,188,89,54,0,0,764,705,36,2014,"Theft and Handling",8.84,9.33,4.42,2.68,37.93,35,1.79
2015,"E09000010","Enfield",186,169,94,70,0,0,660,506,30,1715,"Theft and Handling",10.85,9.85,5.48,4.08,38.48,29.5,1.75
2015,"E09000011","Greenwich",151,195,67,49,0,0,562,581,38,1643,"Violence Against the Person",9.19,11.87,4.08,2.98,34.21,35.36,2.31
2015,"E09000012","Hackney",164,136,124,96,0,0,860,659,40,2079,"Theft and Handling",7.89,6.54,5.96,4.62,41.37,31.7,1.92
2015,"E09000013","Hammersmith and Fulham",113,100,106,31,0,0,713,480,42,1585,"Theft and Handling",7.13,6.31,6.69,1.96,44.98,30.28,2.65
2015,"E09000014","Haringey",213,146,120,138,0,0,810,611,30,2068,"Theft and Handling",10.3,7.06,5.8,6.67,39.17,29.55,1.45
2015,"E09000015","Harrow",123,90,38,23,0,0,385,312,9,980,"Theft and Handling",12.55,9.18,3.88,2.35,39.29,31.84,0.92
2015,"E09000016","Havering",127,129,37,29,0,0,405,411,29,1167,"Violence Against the Person",10.88,11.05,3.17,2.49,34.7,35.22,2.49
2015,"E09000017","Hillingdon",185,173,83,18,0,0,669,580,88,1796,"Theft and Handling",10.3,9.63,4.62,1,37.25,32.29,4.9
2015,"E09000018","Hounslow",149,175,89,30,0,0,640,608,42,1733,"Theft and Handling",8.6,10.1,5.14,1.73,36.93,35.08,2.42
2015,"E09000019","Islington",204,133,105,76,0,0,1101,579,40,2238,"Theft and Handling",9.12,5.94,4.69,3.4,49.2,25.87,1.79
2015,"E09000020","Kensington and Chelsea",115,71,79,42,0,0,722,379,20,1428,"Theft and Handling",8.05,4.97,5.53,2.94,50.56,26.54,1.4
2015,"E09000021","Kingston upon Thames",73,92,129,11,0,0,195,253,9,762,"Violence Against the Person",9.58,12.07,16.93,1.44,25.59,33.2,1.18
2015,"E09000022","Lambeth",193,198,200,77,0,0,1000,854,48,2570,"Theft and Handling",7.51,7.7,7.78,3,38.91,33.23,1.87
2015,"E09000023","Lewisham",181,208,113,58,0,0,625,699,24,1908,"Violence Against the Person",9.49,10.9,5.92,3.04,32.76,36.64,1.26
2015,"E09000024","Merton",99,126,34,20,0,0,296,275,16,866,"Theft and Handling",11.43,14.55,3.93,2.31,34.18,31.76,1.85
2015,"E09000025","Newham",204,175,127,128,0,0,790,749,39,2212,"Theft and Handling",9.22,7.91,5.74,5.79,35.71,33.86,1.76
2015,"E09000026","Redbridge",158,129,100,55,0,0,458,450,39,1389,"Theft and Handling",11.38,9.29,7.2,3.96,32.97,32.4,2.81
2015,"E09000027","Richmond upon Thames",127,86,21,9,0,0,380,224,18,865,"Theft and Handling",14.68,9.94,2.43,1.04,43.93,25.9,2.08
2015,"E09000028","Southwark",234,189,159,92,0,0,966,694,44,2378,"Theft and Handling",9.84,7.95,6.69,3.87,40.62,29.18,1.85
2015,"E09000029","Sutton",87,114,38,13,0,0,225,267,11,755,"Violence Against the Person",11.52,15.1,5.03,1.72,29.8,35.36,1.46
2015,"E09000030","Tower Hamlets",215,203,138,88,0,0,754,766,41,2205,"Violence Against the Person",9.75,9.21,6.26,3.99,34.2,34.74,1.86
2015,"E09000031","Waltham Forest",172,166,111,45,0,0,630,546,33,1703,"Theft and Handling",10.1,9.75,6.52,2.64,36.99,32.06,1.94
2015,"E09000032","Wandsworth",216,142,81,27,0,0,817,641,27,1951,"Theft and Handling",11.07,7.28,4.15,1.38,41.88,32.85,1.38
2015,"E09000033","Westminster",258,125,173,98,0,0,2232,946,68,3900,"Theft and Handling",6.62,3.21,4.44,2.51,57.23,24.26,1.74
2016,"E09000001","City of London",0,0,1,2,0,0,5,1,0,9,"Theft and Handling",0,0,11.11,22.22,55.56,11.11,0
2016,"E09000002","Barking and Dagenham",112,147,65,35,0,0,380,460,30,1229,"Violence Against the Person",9.11,11.96,5.29,2.85,30.92,37.43,2.44
2016,"E09000003","Barnet",264,181,62,29,0,0,720,583,43,1882,"Theft and Handling",14.03,9.62,3.29,1.54,38.26,30.98,2.28
2016,"E09000004","Bexley",77,140,62,10,0,0,357,354,18,1018,"Theft and Handling",7.56,13.75,6.09,0.98,35.07,34.77,1.77
2016,"E09000005","Brent",213,180,145,59,0,0,689,687,41,2014,"Theft and Handling",10.58,8.94,7.2,2.93,34.21,34.11,2.04
2016,"E09000006","Bromley",159,152,59,25,0,0,557,486,34,1472,"Theft and Handling",10.8,10.33,4.01,1.7,37.84,33.02,2.31
2016,"E09000007","Camden",210,177,178,77,0,0,930,634,34,2240,"Theft and Handling",9.38,7.9,7.95,3.44,41.52,28.3,1.52
2016,"E09000008","Croydon",158,245,99,67,0,0,789,794,53,2205,"Violence Against the Person",7.17,11.11,4.49,3.04,35.78,36.01,2.4
2016,"E09000009","Ealing",175,215,96,64,0,0,767,762,41,2120,"Theft and Handling",8.25,10.14,4.53,3.02,36.18,35.94,1.93
2016,"E09000010","Enfield",186,133,90,60,0,0,625,598,43,1735,"Theft and Handling",10.72,7.67,5.19,3.46,36.02,34.47,2.48
2016,"E09000011","Greenwich",152,197,77,45,0,0,600,671,28,1770,"Violence Against the Person",8.59,11.13,4.35,2.54,33.9,37.91,1.58
2016,"E09000012","Hackney",197,140,128,85,0,0,890,722,38,2200,"Theft and Handling",8.95,6.36,5.82,3.86,40.45,32.82,1.73
2016,"E09000013","Hammersmith and Fulham",99,153,89,26,0,0,807,470,28,1672,"Theft and Handling",5.92,9.15,5.32,1.56,48.27,28.11,1.67
2016,"E09000014","Haringey",173,154,131,81,0,0,839,776,47,2201,"Theft and Handling",7.86,7,5.95,3.68,38.12,35.26,2.14
2016,"E09000015","Harrow",118,104,37,24,0,0,369,306,22,980,"Theft and Handling",12.04,10.61,3.78,2.45,37.65,31.22,2.24
2016,"E09000016","Havering",147,107,67,21,0,0,459,486,34,1321,"Violence Against the Person",11.13,8.1,5.07,1.59,34.75,36.79,2.57
2016,"E09000017","Hillingdon",176,179,101,46,0,0,659,636,35,1832,"Theft and Handling",9.61,9.77,5.51,2.51,35.97,34.72,1.91
2016,"E09000018","Hounslow",161,160,91,24,0,0,600,619,47,1702,"Violence Against the Person",9.46,9.4,5.35,1.41,35.25,36.37,2.76
2016,"E09000019","Islington",191,145,160,68,0,0,813,516,56,1949,"Theft and Handling",9.8,7.44,8.21,3.49,41.71,26.48,2.87
2016,"E09000020","Kensington and Chelsea",106,93,150,40,0,0,830,357,21,1597,"Theft and Handling",6.64,5.82,9.39,2.5,51.97,22.35,1.31
2016,"E09000021","Kingston upon Thames",75,80,40,4,0,0,260,231,14,704,"Theft and Handling",10.65,11.36,5.68,0.57,36.93,32.81,1.99
2016,"E09000022","Lambeth",240,196,255,98,0,0,1037,856,51,2733,"Theft and Handling",8.78,7.17,9.33,3.59,37.94,31.32,1.87
2016,"E09000023","Lewisham",166,174,93,82,0,0,553,718,28,1814,"Violence Against the Person",9.15,9.59,5.13,4.52,30.49,39.58,1.54
2016,"E09000024","Merton",112,106,21,21,0,0,426,326,23,1035,"Theft and Handling",10.82,10.24,2.03,2.03,41.16,31.5,2.22
2016,"E09000025","Newham",178,211,155,98,0,0,1184,714,57,2597,"Theft and Handling",6.85,8.12,5.97,3.77,45.59,27.49,2.19
2016,"E09000026","Redbridge",144,108,75,53,0,0,642,496,32,1550,"Theft and Handling",9.29,6.97,4.84,3.42,41.42,32,2.06
2016,"E09000027","Richmond upon Thames",104,102,16,4,0,0,327,233,12,798,"Theft and Handling",13.03,12.78,2.01,0.5,40.98,29.2,1.5
2016,"E09000028","Southwark",237,214,149,57,0,0,1028,732,52,2469,"Theft and Handling",9.6,8.67,6.03,2.31,41.64,29.65,2.11
2016,"E09000029","Sutton",87,104,31,15,0,0,277,315,13,842,"Violence Against the Person",10.33,12.35,3.68,1.78,32.9,37.41,1.54
2016,"E09000030","Tower Hamlets",222,179,140,104,0,0,927,680,52,2304,"Theft and Handling",9.64,7.77,6.08,4.51,40.23,29.51,2.26
2016,"E09000031","Waltham Forest",151,139,75,63,0,0,604,572,46,1650,"Theft and Handling",9.15,8.42,4.55,3.82,36.61,34.67,2.79
2016,"E09000032","Wandsworth",214,153,60,48,0,0,875,528,21,1899,"Theft and Handling",11.27,8.06,3.16,2.53,46.08,27.8,1.11
2016,"E09000033","Westminster",203,208,176,123,0,0,2054,893,75,3732,"Theft and Handling",5.44,5.57,4.72,3.3,55.04,23.93,2.01
